{
    "LSTM_dev_metrics": {
        "accuracy": 0.25,
        "macro_f1": 0.1,
        "confusion_matrix": [
            [
                3000,
                0,
                0,
                0
            ],
            [
                3000,
                0,
                0,
                0
            ],
            [
                3000,
                0,
                0,
                0
            ],
            [
                3000,
                0,
                0,
                0
            ]
        ]
    },
    "Transformer_dev_metrics": {
        "accuracy": 0.8939166666666667,
        "macro_f1": 0.8939479116553222,
        "confusion_matrix": [
            [
                2661,
                92,
                130,
                117
            ],
            [
                58,
                2838,
                64,
                40
            ],
            [
                85,
                66,
                2582,
                267
            ],
            [
                84,
                46,
                224,
                2646
            ]
        ]
    },
    "LSTM_metrics": {
        "accuracy": 0.2501315789473684,
        "macro_f1": 0.10028407652808548,
        "confusion_matrix": [
            [
                1900,
                0,
                0,
                0
            ],
            [
                1900,
                0,
                0,
                0
            ],
            [
                1900,
                0,
                0,
                0
            ],
            [
                1898,
                0,
                1,
                1
            ]
        ]
    },
    "Transformer_metrics": {
        "accuracy": 0.9084210526315789,
        "macro_f1": 0.9083013930286499,
        "confusion_matrix": [
            [
                1701,
                54,
                86,
                59
            ],
            [
                20,
                1859,
                8,
                13
            ],
            [
                57,
                8,
                1613,
                222
            ],
            [
                49,
                12,
                108,
                1731
            ]
        ]
    }
}