{
    "LSTM_dev_metrics": {
        "accuracy": 0.8969166666666667,
        "macro_f1": 0.8966021030891441,
        "confusion_matrix": [
            [
                2669,
                96,
                134,
                101
            ],
            [
                31,
                2925,
                28,
                16
            ],
            [
                147,
                36,
                2578,
                239
            ],
            [
                156,
                23,
                230,
                2591
            ]
        ]
    },
    "Transformer_dev_metrics": {
        "accuracy": 0.94125,
        "macro_f1": 0.9413112536430932,
        "confusion_matrix": [
            [
                2801,
                27,
                93,
                79
            ],
            [
                19,
                2958,
                15,
                8
            ],
            [
                59,
                12,
                2759,
                170
            ],
            [
                56,
                6,
                161,
                2777
            ]
        ]
    },
    "LSTM_metrics": {
        "accuracy": 0.8718421052631579,
        "macro_f1": 0.8717133076016262,
        "confusion_matrix": [
            [
                1644,
                67,
                132,
                57
            ],
            [
                20,
                1815,
                47,
                18
            ],
            [
                83,
                24,
                1662,
                131
            ],
            [
                120,
                24,
                251,
                1505
            ]
        ]
    },
    "Transformer_metrics": {
        "accuracy": 0.9218421052631579,
        "macro_f1": 0.9218375332642812,
        "confusion_matrix": [
            [
                1749,
                33,
                84,
                34
            ],
            [
                11,
                1866,
                13,
                10
            ],
            [
                41,
                12,
                1729,
                118
            ],
            [
                57,
                14,
                167,
                1662
            ]
        ]
    }
}