{
    "LSTM_dev_metrics": {
        "accuracy": 0.89475,
        "macro_f1": 0.8946417076215732,
        "confusion_matrix": [
            [
                2609,
                115,
                155,
                121
            ],
            [
                41,
                2890,
                44,
                25
            ],
            [
                87,
                35,
                2651,
                227
            ],
            [
                127,
                26,
                260,
                2587
            ]
        ]
    },
    "Transformer_dev_metrics": {
        "accuracy": 0.93675,
        "macro_f1": 0.9367580365133579,
        "confusion_matrix": [
            [
                2817,
                38,
                77,
                68
            ],
            [
                22,
                2947,
                16,
                15
            ],
            [
                64,
                15,
                2717,
                204
            ],
            [
                72,
                7,
                161,
                2760
            ]
        ]
    },
    "LSTM_metrics": {
        "accuracy": 0.8894736842105263,
        "macro_f1": 0.889541794663065,
        "confusion_matrix": [
            [
                1663,
                71,
                91,
                75
            ],
            [
                26,
                1824,
                35,
                15
            ],
            [
                57,
                17,
                1649,
                177
            ],
            [
                61,
                20,
                195,
                1624
            ]
        ]
    },
    "Transformer_metrics": {
        "accuracy": 0.9328947368421052,
        "macro_f1": 0.9328694754596434,
        "confusion_matrix": [
            [
                1795,
                22,
                44,
                39
            ],
            [
                15,
                1864,
                10,
                11
            ],
            [
                37,
                10,
                1697,
                156
            ],
            [
                50,
                11,
                105,
                1734
            ]
        ]
    }
}