{
    "LSTM_dev_metrics": {
        "accuracy": 0.8668333333333333,
        "macro_f1": 0.8670024017339666,
        "confusion_matrix": [
            [
                1267,
                57,
                58,
                118
            ],
            [
                26,
                1428,
                29,
                17
            ],
            [
                60,
                20,
                1214,
                206
            ],
            [
                52,
                16,
                140,
                1292
            ]
        ]
    },
    "Transformer_dev_metrics": {
        "accuracy": 0.9246666666666666,
        "macro_f1": 0.9247123904240113,
        "confusion_matrix": [
            [
                1384,
                26,
                38,
                52
            ],
            [
                8,
                1476,
                6,
                10
            ],
            [
                38,
                9,
                1331,
                122
            ],
            [
                23,
                7,
                113,
                1357
            ]
        ]
    },
    "LSTM_metrics": {
        "accuracy": 0.8711842105263158,
        "macro_f1": 0.8712738582183739,
        "confusion_matrix": [
            [
                1640,
                71,
                73,
                116
            ],
            [
                49,
                1787,
                45,
                19
            ],
            [
                77,
                30,
                1554,
                239
            ],
            [
                77,
                16,
                167,
                1640
            ]
        ]
    },
    "Transformer_metrics": {
        "accuracy": 0.9271052631578948,
        "macro_f1": 0.9270700291237493,
        "confusion_matrix": [
            [
                1768,
                36,
                52,
                44
            ],
            [
                17,
                1861,
                11,
                11
            ],
            [
                49,
                8,
                1687,
                156
            ],
            [
                41,
                12,
                117,
                1730
            ]
        ]
    }
}