{
    "LSTM_dev_metrics": {
        "accuracy": 0.25,
        "macro_f1": 0.1,
        "confusion_matrix": [
            [
                0,
                0,
                0,
                750
            ],
            [
                0,
                0,
                0,
                750
            ],
            [
                0,
                0,
                0,
                750
            ],
            [
                0,
                0,
                0,
                750
            ]
        ]
    },
    "Transformer_dev_metrics": {
        "accuracy": 0.916,
        "macro_f1": 0.9158400894941368,
        "confusion_matrix": [
            [
                674,
                20,
                31,
                25
            ],
            [
                5,
                735,
                6,
                4
            ],
            [
                18,
                8,
                673,
                51
            ],
            [
                25,
                9,
                50,
                666
            ]
        ]
    },
    "LSTM_metrics": {
        "accuracy": 0.25,
        "macro_f1": 0.1,
        "confusion_matrix": [
            [
                0,
                0,
                0,
                1900
            ],
            [
                0,
                0,
                0,
                1900
            ],
            [
                0,
                0,
                0,
                1900
            ],
            [
                0,
                0,
                0,
                1900
            ]
        ]
    },
    "Transformer_metrics": {
        "accuracy": 0.9176315789473685,
        "macro_f1": 0.9175265969711832,
        "confusion_matrix": [
            [
                1743,
                43,
                65,
                49
            ],
            [
                18,
                1863,
                9,
                10
            ],
            [
                59,
                10,
                1673,
                158
            ],
            [
                50,
                15,
                140,
                1695
            ]
        ]
    }
}