{
    "LSTM_dev_metrics": {
        "accuracy": 0.8892222222222222,
        "macro_f1": 0.8888282259626706,
        "confusion_matrix": [
            [
                1985,
                93,
                86,
                86
            ],
            [
                38,
                2177,
                15,
                20
            ],
            [
                83,
                34,
                1910,
                223
            ],
            [
                136,
                35,
                148,
                1931
            ]
        ]
    },
    "Transformer_dev_metrics": {
        "accuracy": 0.9346666666666666,
        "macro_f1": 0.9346796436407045,
        "confusion_matrix": [
            [
                2094,
                35,
                57,
                64
            ],
            [
                30,
                2202,
                8,
                10
            ],
            [
                50,
                9,
                2047,
                144
            ],
            [
                59,
                7,
                115,
                2069
            ]
        ]
    },
    "LSTM_metrics": {
        "accuracy": 0.8857894736842106,
        "macro_f1": 0.8854132574847074,
        "confusion_matrix": [
            [
                1687,
                76,
                73,
                64
            ],
            [
                26,
                1830,
                26,
                18
            ],
            [
                76,
                33,
                1581,
                210
            ],
            [
                98,
                23,
                145,
                1634
            ]
        ]
    },
    "Transformer_metrics": {
        "accuracy": 0.93,
        "macro_f1": 0.9300061482157757,
        "confusion_matrix": [
            [
                1777,
                24,
                52,
                47
            ],
            [
                15,
                1864,
                10,
                11
            ],
            [
                43,
                8,
                1697,
                152
            ],
            [
                44,
                13,
                113,
                1730
            ]
        ]
    }
}