{
    "accuracy": 0.8882894736842105,
    "macro_f1": 0.8881665177352804,
    "confusion_matrix": [
        [
            1655,
            77,
            109,
            59
        ],
        [
            22,
            1831,
            38,
            9
        ],
        [
            53,
            31,
            1640,
            176
        ],
        [
            82,
            21,
            172,
            1625
        ]
    ]
}