{
    "accuracy": 0.8911842105263158,
    "macro_f1": 0.8911378805361061,
    "confusion_matrix": [
        [
            1671,
            62,
            107,
            60
        ],
        [
            30,
            1826,
            18,
            26
        ],
        [
            60,
            16,
            1639,
            185
        ],
        [
            66,
            34,
            163,
            1637
        ]
    ]
}