{
    "train_loss": [
        1.3871325994554855,
        1.3877725177466587,
        1.2137828674079119,
        1.0940060941811423,
        0.8280154049961488,
        0.7322247682307004,
        0.6780144165477482,
        0.645858730608818,
        0.6228649872597924,
        0.5960427176613379,
        0.5810298847643685,
        0.5095226869905164,
        0.39442712795960394,
        0.32325543802213896,
        0.28940626848224216,
        0.2858009049183384,
        0.25187985634351795,
        0.23362860390784052,
        0.21381470628118063,
        0.19605197859883874,
        0.18013239178753576
    ],
    "val_loss": [
        1.3864015340805054,
        1.3861685991287231,
        1.1929214000701904,
        0.9206549525260925,
        0.799264669418335,
        0.7487913370132446,
        0.714650571346283,
        0.6799564361572266,
        0.6513327360153198,
        0.6299692988395691,
        0.6228908896446228,
        0.47727498412132263,
        0.41911962628364563,
        0.39226534962654114,
        0.39216724038124084,
        0.3837466537952423,
        0.3699086904525757,
        0.36490070819854736,
        0.3732907772064209,
        0.37600889801979065,
        0.38332438468933105
    ],
    "stopped_epoch": 21
}