{
    "accuracy": 0.8892105263157895,
    "macro_f1": 0.8890682170434344,
    "confusion_matrix": [
        [
            1669,
            74,
            88,
            69
        ],
        [
            29,
            1818,
            12,
            41
        ],
        [
            85,
            18,
            1597,
            200
        ],
        [
            49,
            37,
            140,
            1674
        ]
    ]
}