{
    "train_loss": [
        1.3869729612675887,
        1.3855505551772096,
        0.9882252729052051,
        0.5888026868703806,
        0.3859362528787405,
        0.3281560641188192,
        0.29375170552617563,
        0.26803073912011505,
        0.24703644163094426,
        0.22811198308710803,
        0.20893431154755054,
        0.19255876138594477
    ],
    "val_loss": [
        1.3863811492919922,
        1.3269811868667603,
        0.730291485786438,
        0.45613333582878113,
        0.4114753305912018,
        0.36549845337867737,
        0.3546246886253357,
        0.36083391308784485,
        0.3489009737968445,
        0.36312898993492126,
        0.37010061740875244,
        0.3655026853084564
    ],
    "stopped_epoch": 12
}