{
    "train_loss": [
        1.3870040542706494,
        1.3863968900029693,
        1.3211217226010363,
        1.0024979508601093,
        0.6897465633978775,
        0.4379983163699155,
        0.35624690036073114,
        0.3170572597339255,
        0.28949672453352626,
        0.26723121569196195,
        0.2457200077613948,
        0.2279231593154053,
        0.20810245948521447,
        0.19164544017323384,
        0.1747954633281129
    ],
    "val_loss": [
        1.3864529132843018,
        1.3860677480697632,
        1.1727622747421265,
        0.8313575983047485,
        0.5504789352416992,
        0.4226315915584564,
        0.38469693064689636,
        0.3555281460285187,
        0.3503175973892212,
        0.3407708704471588,
        0.34029537439346313,
        0.3345082104206085,
        0.34404993057250977,
        0.3472878038883209,
        0.3695092797279358
    ],
    "stopped_epoch": 15
}