{
    "accuracy": 0.9331578947368421,
    "macro_f1": 0.933103836406739,
    "confusion_matrix": [
        [
            1794,
            25,
            50,
            31
        ],
        [
            12,
            1868,
            11,
            9
        ],
        [
            44,
            10,
            1697,
            149
        ],
        [
            37,
            13,
            117,
            1733
        ]
    ]
}