{
    "accuracy": 0.934078947368421,
    "macro_f1": 0.9340789939277886,
    "confusion_matrix": [
        [
            1797,
            22,
            41,
            40
        ],
        [
            15,
            1864,
            10,
            11
        ],
        [
            34,
            9,
            1699,
            158
        ],
        [
            43,
            12,
            106,
            1739
        ]
    ]
}