{
    "train_loss": [
        0.27058902994791667,
        0.1707412651909722,
        0.11801296657986111
    ],
    "val_loss": [
        0.21443213522434235,
        0.22912029922008514,
        0.25542116165161133
    ],
    "stopped_epoch": null
}