{
    "train_loss": [
        0.27011255787037036,
        0.17124209707754628,
        0.11843248155381944
    ],
    "val_loss": [
        0.222116619348526,
        0.23503556847572327,
        0.2563343644142151
    ],
    "stopped_epoch": null
}