{
    "accuracy": 0.9335526315789474,
    "macro_f1": 0.9335860921543071,
    "confusion_matrix": [
        [
            1791,
            23,
            45,
            41
        ],
        [
            16,
            1862,
            13,
            9
        ],
        [
            36,
            6,
            1703,
            155
        ],
        [
            42,
            10,
            109,
            1739
        ]
    ]
}