{
    "train_loss": [
        0.2746198097511574,
        0.16149113859953704,
        0.09439940502025462
    ],
    "val_loss": [
        0.23159338533878326,
        0.2413904368877411,
        0.30851641297340393
    ],
    "stopped_epoch": null
}